Company Code,G/L Account
5100,21112010
5100,11110100
5300,11110100
5500,11110100
5600,11110100
5100,11110200
5500,11110200
5600,11110200
5100,11110300
5500,11110300
5600,11110300
5100,11130100
5500,11130100
5600,11130100
5400,11140100
5100,11210100
5500,11210100
5600,11210100
5100,11210200
5500,11210200
5600,11210200
5100,11220100
5500,11220100
5600,11220100
5100,11220200
5500,11220200
5600,11220200
5100,11230200
5500,11230200
5600,11230200
5100,11230300
5500,11230300
5600,11230300
5100,11240100
5500,11240100
5600,11240100
5100,11240200
5500,11240200
5600,11240200
5100,11250100
5400,11250100
5500,11250100
5600,11250100
5100,11250200
5500,11250200
5600,11250200
5100,11260100
5500,11260100
5600,11260100
5100,11260200
5500,11260200
5600,11260200
5100,11260300
5500,11260300
5600,11260300
5100,11270200
5500,11270200
5600,11270200
5100,11270300
5500,11270300
5600,11270300
5100,11270400
5500,11270400
5600,11270400
5100,11280100
5300,11280100
5400,11280100
5500,11280100
5600,11280100
5100,11280300
5500,11280300
5600,11280300
5100,11280400
5500,11280400
5600,11280400
5100,11280500
5500,11280500
5600,11280500
5100,11280600
5500,11280600
5600,11280600
5100,11280700
5500,11280700
5600,11280700
5100,11290100
5500,11290100
5600,11290100
5100,11290200
5500,11290200
5600,11290200
5100,11290300
5500,11290300
5600,11290300
5100,12100100
5500,12100100
5600,12100100
5100,12100200
5500,12100200
5600,12100200
5100,12100300
5500,12100300
5600,12100300
5100,12100400
5500,12100400
5600,12100400
5100,12200100
5500,12200100
5600,12200100
5100,12200200
5500,12200200
5600,12200200
5100,12200300
5500,12200300
5600,12200300
5100,12200400
5300,12200400
5500,12200400
5600,12200400
5100,12200500
5500,12200500
5600,12200500
5100,13100100
5500,13100100
5600,13100100
5100,13100200
5500,13100200
5600,13100200
5100,14110120
5500,14110120
5600,14110120
5100,14110220
5500,14110220
5600,14110220
5100,14210100
5500,14210100
5600,14210100
5100,14221100
5500,14221100
5600,14221100
5100,14221200
5500,14221200
5600,14221200
5100,14222100
5500,14222100
5600,14222100
5100,14222200
5500,14222200
5600,14222200
5100,14222300
5500,14222300
5600,14222300
5100,14222400
5500,14222400
5600,14222400
5100,14222500
5500,14222500
5600,14222500
5100,14222600
5500,14222600
5600,14222600
5100,14222990
5400,14222990
5500,14222990
5600,14222990
5100,14223100
5500,14223100
5600,14223100
5100,14223200
5500,14223200
5600,14223200
5100,14223300
5500,14223300
5600,14223300
5100,14223400
5500,14223400
5600,14223400
5100,14223990
5400,14223990
5500,14223990
5600,14223990
5100,14224020
5400,14224020
5600,14224020
5100,14224021
5100,14224022
5400,14224022
5600,14224022
5100,14224050
5400,14224050
5600,14224050
5100,14224051
5100,14224052
5400,14224052
5600,14224052
5100,14225100
5100,14225200
5100,14230100
5500,14230100
5600,14230100
5100,14230200
5500,14230200
5600,14230200
5100,14230300
5500,14230300
5600,14230300
5100,14240100
5500,14240100
5600,14240100
5100,14240200
5500,14240200
5600,14240200
5100,14240300
5500,14240300
5600,14240300
5100,14240400
5500,14240400
5600,14240400
5100,14240500
5500,14240500
5600,14240500
5100,14240600
5500,14240600
5600,14240600
5100,14240700
5500,14240700
5600,14240700
5100,14240800
5500,14240800
5600,14240800
5400,14240900
5600,14240900
5100,14250100
5500,14250100
5600,14250100
5100,14310200
5500,14310200
5600,14310200
5100,14321100
5500,14321100
5600,14321100
5100,14321200
5500,14321200
5600,14321200
5100,14322100
5500,14322100
5600,14322100
5100,14322300
5500,14322300
5600,14322300
5100,14330100
5500,14330100
5600,14330100
5100,14341100
5500,14341100
5600,14341100
5100,14342100
5500,14342100
5600,14342100
5100,14342200
5500,14342200
5600,14342200
5100,15111100
5500,15111100
5600,15111100
5100,15111200
5500,15111200
5600,15111200
5100,15111300
5400,15111300
5500,15111300
5600,15111300
5100,15111400
5300,15111400
5400,15111400
5500,15111400
5600,15111400
5100,15112100
5500,15112100
5600,15112100
5100,15112200
5500,15112200
5600,15112200
5100,15112300
5300,15112300
5500,15112300
5600,15112300
5100,15112400
5300,15112400
5500,15112400
5600,15112400
5100,15112500
5400,15112500
5500,15112500
5600,15112500
5100,15113100
5500,15113100
5600,15113100
5100,15113200
5500,15113200
5600,15113200
5100,15113300
5300,15113300
5500,15113300
5600,15113300
5100,15113400
5300,15113400
5400,15113400
5500,15113400
5600,15113400
5100,15114100
5500,15114100
5600,15114100
5100,15114200
5500,15114200
5600,15114200
5100,15115100
5500,15115100
5600,15115100
5100,15115200
5500,15115200
5600,15115200
5100,15119100
5300,15119100
5400,15119100
5500,15119100
5600,15119100
5100,15119200
5500,15119200
5600,15119200
5100,15119300
5500,15119300
5600,15119300
5100,15119400
5300,15119400
5500,15119400
5600,15119400
5100,15119500
5400,15119500
5500,15119500
5600,15119500
5100,15121100
5300,15121100
5500,15121100
5600,15121100
5100,15121200
5300,15121200
5500,15121200
5600,15121200
5100,15122100
5500,15122100
5600,15122100
5100,15122200
5500,15122200
5600,15122200
5100,15122300
5500,15122300
5600,15122300
5100,15123100
5500,15123100
5600,15123100
5100,15123200
5500,15123200
5600,15123200
5100,15123300
5500,15123300
5600,15123300
5100,15123400
5500,15123400
5600,15123400
5100,15124100
5500,15124100
5600,15124100
5100,15124200
5500,15124200
5600,15124200
5100,15124400
5500,15124400
5600,15124400
5100,15124500
5500,15124500
5600,15124500
5600,15125500
5100,15131200
5500,15131200
5600,15131200
5100,15131210
5500,15131210
5600,15131210
5100,15131220
5500,15131220
5600,15131220
5100,15131230
5500,15131230
5600,15131230
5100,15131240
5500,15131240
5600,15131240
5100,15132100
5500,15132100
5600,15132100
5100,15132200
5500,15132200
5600,15132200
5100,15141100
5500,15141100
5600,15141100
5100,15141200
5500,15141200
5600,15141200
5100,15141300
5400,15141300
5500,15141300
5600,15141300
5100,15141400
5500,15141400
5600,15141400
5100,15141500
5500,15141500
5600,15141500
5100,15141600
5400,15141600
5500,15141600
5600,15141600
5100,15141700
5300,15141700
5500,15141700
5600,15141700
5500,15141750
5100,15141800
5400,15141800
5500,15141800
5600,15141800
5100,15141810
5500,15141810
5600,15141810
5100,15141820
5500,15141820
5600,15141820
5100,15141900
5500,15141900
5600,15141900
5100,15141910
5500,15141910
5600,15141910
5100,15141920
5500,15141920
5600,15141920
5100,15141930
5500,15141930
5600,15141930
5100,15141940
5500,15141940
5600,15141940
5100,15142010
5500,15142010
5600,15142010
5100,15142020
5500,15142020
5600,15142020
5100,15142110
5400,15142110
5500,15142110
5600,15142110
5100,15142120
5400,15142120
5500,15142120
5600,15142120
5100,15142130
5400,15142130
5500,15142130
5600,15142130
5100,15142140
5500,15142140
5600,15142140
5100,15142150
5500,15142150
5600,15142150
5100,15142160
5500,15142160
5600,15142160
5400,15142210
5600,15142210
5400,15142220
5600,15142220
5400,15142230
5600,15142230
5400,15142310
5600,15142310
5400,15142320
5600,15142320
5400,15142330
5600,15142330
5100,15143010
5500,15143010
5600,15143010
5100,15143020
5500,15143020
5600,15143020
5100,15143030
5500,15143030
5600,15143030
5100,15143040
5500,15143040
5600,15143040
5100,15143050
5400,15143050
5500,15143050
5600,15143050
5100,15143110
5500,15143110
5600,15143110
5100,15143120
5500,15143120
5600,15143120
5100,15143130
5500,15143130
5600,15143130
5100,15143210
5500,15143210
5600,15143210
5100,15143220
5500,15143220
5600,15143220
5100,15143230
5500,15143230
5600,15143230
5100,15143240
5500,15143240
5600,15143240
5100,15143250
5400,15143250
5500,15143250
5600,15143250
5100,15143910
5400,15143910
5500,15143910
5600,15143910
5100,15143920
5500,15143920
5600,15143920
5100,15143930
5500,15143930
5600,15143930
5100,15144010
5500,15144010
5600,15144010
5100,15145010
5500,15145010
5600,15145010
5100,15146010
5500,15146010
5600,15146010
5100,15146020
5500,15146020
5600,15146020
5100,15146040
5500,15146040
5600,15146040
5100,15146050
5500,15146050
5600,15146050
5100,15146060
5500,15146060
5600,15146060
5100,15146070
5500,15146070
5600,15146070
5100,15146080
5500,15146080
5600,15146080
5100,15146090
5500,15146090
5600,15146090
5100,15147010
5500,15147010
5600,15147010
5100,15147020
5500,15147020
5600,15147020
5100,15147030
5500,15147030
5600,15147030
5100,15147040
5500,15147040
5600,15147040
5100,15147050
5500,15147050
5600,15147050
5100,15147080
5500,15147080
5600,15147080
5100,15148010
5300,15148010
5400,15148010
5500,15148010
5600,15148010
5100,15148020
5300,15148020
5400,15148020
5500,15148020
5600,15148020
5100,15148030
5500,15148030
5600,15148030
5100,15148040
5500,15148040
5600,15148040
5100,15148050
5500,15148050
5600,15148050
5100,15148060
5400,15148060
5500,15148060
5600,15148060
5100,15148070
5500,15148070
5600,15148070
5100,15148080
5500,15148080
5600,15148080
5100,15148090
5500,15148090
5600,15148090
5100,15148091
5100,15148092
5100,15149110
5500,15149110
5600,15149110
5100,15149120
5500,15149120
5600,15149120
5100,15149130
5500,15149130
5600,15149130
5100,15149140
5500,15149140
5600,15149140
5100,15149150
5500,15149150
5600,15149150
5100,15149160
5500,15149160
5600,15149160
5100,15149170
5500,15149170
5600,15149170
5100,15149210
5500,15149210
5600,15149210
5100,15149220
5500,15149220
5600,15149220
5100,15149230
5500,15149230
5600,15149230
5100,15149310
5500,15149310
5600,15149310
5100,15149330
5500,15149330
5600,15149330
5100,15149410
5500,15149410
5600,15149410
5100,15150001
5400,15150001
5500,15150001
5600,15150001
5100,15150002
5400,15150002
5500,15150002
5600,15150002
5100,15150003
5400,15150003
5500,15150003
5600,15150003
5100,15150004
5400,15150004
5500,15150004
5600,15150004
5100,15150021
5400,15150021
5500,15150021
5600,15150021
5100,15150022
5400,15150022
5500,15150022
5600,15150022
5100,15150023
5400,15150023
5500,15150023
5600,15150023
5100,15150024
5400,15150024
5500,15150024
5600,15150024
5100,15150041
5400,15150041
5500,15150041
5600,15150041
5100,15150042
5400,15150042
5500,15150042
5600,15150042
5100,15150043
5400,15150043
5500,15150043
5600,15150043
5100,15150044
5400,15150044
5500,15150044
5600,15150044
5100,15150401
5500,15150401
5600,15150401
5100,15150402
5500,15150402
5600,15150402
5100,15150403
5500,15150403
5600,15150403
5100,15150404
5500,15150404
5600,15150404
5100,15150461
5400,15150461
5500,15150461
5600,15150461
5100,15150462
5400,15150462
5500,15150462
5600,15150462
5100,15150463
5400,15150463
5500,15150463
5600,15150463
5100,15150481
5400,15150481
5500,15150481
5600,15150481
5100,15150482
5400,15150482
5500,15150482
5600,15150482
5100,15150483
5400,15150483
5500,15150483
5600,15150483
5100,15160001
5400,15160001
5500,15160001
5600,15160001
5100,15160002
5400,15160002
5500,15160002
5600,15160002
5100,15160003
5400,15160003
5500,15160003
5600,15160003
5100,15160004
5400,15160004
5500,15160004
5600,15160004
5100,15160051
5400,15160051
5500,15160051
5600,15160051
5100,15160052
5400,15160052
5500,15160052
5600,15160052
5100,15160053
5400,15160053
5500,15160053
5600,15160053
5100,15160101
5400,15160101
5500,15160101
5600,15160101
5100,15160102
5400,15160102
5500,15160102
5600,15160102
5100,15160103
5400,15160103
5500,15160103
5600,15160103
5100,15161001
5500,15161001
5600,15161001
5100,15161002
5500,15161002
5600,15161002
5100,15161003
5500,15161003
5600,15161003
5100,15161113
5500,15161113
5600,15161113
5100,15161120
5500,15161120
5600,15161120
5100,15511070
5500,15511070
5600,15511070
5100,15511080
5500,15511080
5600,15511080
5100,15511090
5500,15511090
5600,15511090
5100,15511100
5500,15511100
5600,15511100
5100,15511110
5500,15511110
5600,15511110
5100,15511120
5500,15511120
5600,15511120
5100,15511130
5500,15511130
5600,15511130
5100,15511140
5500,15511140
5600,15511140
5100,15511150
5500,15511150
5600,15511150
5100,15511160
5300,15511160
5500,15511160
5600,15511160
5100,15511170
5500,15511170
5600,15511170
5100,15511180
5500,15511180
5600,15511180
5100,15511190
5300,15511190
5500,15511190
5600,15511190
5100,15511200
5300,15511200
5500,15511200
5600,15511200
5100,15511210
5300,15511210
5400,15511210
5500,15511210
5600,15511210
5100,15511220
5300,15511220
5500,15511220
5600,15511220
5100,15511230
5300,15511230
5400,15511230
5500,15511230
5600,15511230
5400,15511240
5100,15511250
5300,15511250
5400,15511250
5500,15511250
5600,15511250
5100,15530010
5500,15530010
5600,15530010
5100,15530020
5500,15530020
5600,15530020
5100,15540010
5500,15540010
5600,15540010
5100,15540020
5500,15540020
5600,15540020
5100,15540030
5500,15540030
5600,15540030
5100,15540040
5500,15540040
5600,15540040
5100,15550010
5500,15550010
5600,15550010
5100,15550020
5500,15550020
5600,15550020
5100,15550030
5500,15550030
5600,15550030
5100,15560110
5500,15560110
5600,15560110
5100,15560120
5500,15560120
5600,15560120
5100,15560130
5500,15560130
5600,15560130
5100,15560140
5500,15560140
5600,15560140
5100,15560150
5500,15560150
5600,15560150
5100,15560210
5500,15560210
5600,15560210
5100,15560220
5500,15560220
5600,15560220
5100,15560310
5500,15560310
5600,15560310
5100,15560320
5500,15560320
5600,15560320
5100,15560510
5500,15560510
5600,15560510
5100,15560520
5500,15560520
5600,15560520
5100,15560530
5500,15560530
5600,15560530
5400,15560540
5600,15560540
5100,15570200
5500,15570200
5600,15570200
5100,15570300
5300,15570300
5400,15570300
5500,15570300
5600,15570300
5100,15570400
5500,15570400
5600,15570400
5100,15570500
5300,15570500
5500,15570500
5600,15570500
5100,15570700
5300,15570700
5500,15570700
5600,15570700
5100,15570800
5500,15570800
5600,15570800
5100,15570900
5500,15570900
5600,15570900
5100,15570910
5500,15570910
5600,15570910
5100,15570920
5500,15570920
5600,15570920
5100,15570930
5500,15570930
5600,15570930
5100,15570940
5500,15570940
5600,15570940
5100,19101100
5500,19101100
5600,19101100
5100,19101200
5500,19101200
5600,19101200
5100,21111010
5400,21111010
5500,21111010
5600,21111010
5400,21111020
5600,21111020
5400,21111030
5600,21111030
5400,21112010
5500,21112010
5600,21112010
5100,21112011
5400,21112011
5500,21112011
5600,21112011
5400,21112020
5600,21112020
5100,21113010
5400,21113010
5500,21113010
5600,21113010
5100,21113011
5400,21113011
5500,21113011
5600,21113011
5100,21113020
5400,21113020
5500,21113020
5600,21113020
5100,21113021
5400,21113021
5500,21113021
5600,21113021
5100,21113030
5400,21113030
5500,21113030
5600,21113030
5100,21113031
5400,21113031
5500,21113031
5600,21113031
5100,21113040
5400,21113040
5500,21113040
5600,21113040
5100,21113041
5400,21113041
5500,21113041
5600,21113041
5400,21113050
5600,21113050
5400,21113060
5600,21113060
5400,21113070
5600,21113070
5400,21113080
5600,21113080
5100,21114010
5400,21114010
5500,21114010
5600,21114010
5100,21114011
5400,21114011
5500,21114011
5600,21114011
5400,21114020
5600,21114020
5100,21115010
5400,21115010
5500,21115010
5600,21115010
5100,21115011
5400,21115011
5500,21115011
5600,21115011
5100,21115020
5400,21115020
5500,21115020
5600,21115020
5100,21115021
5400,21115021
5500,21115021
5600,21115021
5400,21115030
5600,21115030
5400,21115040
5600,21115040
5100,21116010
5400,21116010
5500,21116010
5600,21116010
5100,21116011
5400,21116011
5500,21116011
5600,21116011
5100,21116020
5400,21116020
5500,21116020
5600,21116020
5100,21116021
5400,21116021
5500,21116021
5600,21116021
5400,21116030
5600,21116030
5400,21116040
5600,21116040
5100,21117010
5400,21117010
5500,21117010
5600,21117010
5100,21117011
5400,21117011
5500,21117011
5600,21117011
5400,21117020
5600,21117020
5100,21118010
5400,21118010
5500,21118010
5600,21118010
5100,21118011
5400,21118011
5500,21118011
5600,21118011
5100,21118020
5400,21118020
5500,21118020
5600,21118020
5100,21118021
5400,21118021
5500,21118021
5600,21118021
5100,21118030
5400,21118030
5500,21118030
5600,21118030
5100,21118031
5400,21118031
5500,21118031
5600,21118031
5400,21118040
5600,21118040
5400,21118050
5600,21118050
5400,21118060
5600,21118060
5100,21119010
5400,21119010
5500,21119010
5600,21119010
5100,21119011
5400,21119011
5500,21119011
5600,21119011
5400,21119020
5600,21119020
5100,21121010
5400,21121010
5500,21121010
5600,21121010
5100,21121011
5400,21121011
5500,21121011
5600,21121011
5100,21121020
5400,21121020
5500,21121020
5600,21121020
5100,21121021
5400,21121021
5500,21121021
5600,21121021
5100,21122010
5400,21122010
5500,21122010
5600,21122010
5100,21122011
5400,21122011
5500,21122011
5600,21122011
5100,21123010
5400,21123010
5500,21123010
5600,21123010
5100,21123011
5400,21123011
5500,21123011
5600,21123011
5100,21124010
5400,21124010
5500,21124010
5600,21124010
5100,21124011
5400,21124011
5500,21124011
5600,21124011
5100,21150100
5400,21150100
5500,21150100
5600,21150100
5100,21150200
5400,21150200
5500,21150200
5600,21150200
5100,21150300
5400,21150300
5500,21150300
5600,21150300
5100,21150400
5400,21150400
5500,21150400
5600,21150400
5100,21150500
5400,21150500
5500,21150500
5600,21150500
5100,21150600
5400,21150600
5500,21150600
5600,21150600
5100,21150700
5400,21150700
5500,21150700
5600,21150700
5100,21150800
5400,21150800
5500,21150800
5600,21150800
5100,21150900
5400,21150900
5500,21150900
5600,21150900
5100,21151100
5400,21151100
5500,21151100
5600,21151100
5100,21151200
5400,21151200
5500,21151200
5600,21151200
5100,21151300
5400,21151300
5500,21151300
5600,21151300
5100,21151400
5400,21151400
5500,21151400
5600,21151400
5100,21159900
5400,21159900
5500,21159900
5600,21159900
5100,21159901
5400,21159901
5500,21159901
5600,21159901
5100,21160100
5500,21160100
5600,21160100
5400,21210110
5600,21210110
5400,21210111
5600,21210111
5100,21210210
5400,21210210
5500,21210210
5600,21210210
5100,21210211
5400,21210211
5500,21210211
5600,21210211
5400,21210310
5600,21210310
5400,21210311
5600,21210311
5100,21210410
5400,21210410
5500,21210410
5600,21210410
5100,21210411
5400,21210411
5500,21210411
5600,21210411
5100,21210510
5400,21210510
5500,21210510
5600,21210510
5400,21210511
5600,21210511
5100,21250100
5500,21250100
5600,21250100
5400,21250200
5600,21250200
5100,21250300
5400,21250300
5500,21250300
5600,21250300
5400,21250400
5600,21250400
5100,21259900
5400,21259900
5500,21259900
5600,21259900
5100,21259901
5400,21259901
5500,21259901
5600,21259901
5400,22110100
5100,22110200
5500,22110200
5600,22110200
5100,22111500
5500,22111500
5600,22111500
5100,22210100
5500,22210100
5600,22210100
5100,22210200
5500,22210200
5600,22210200
5100,22210300
5500,22210300
5600,22210300
5100,22220100
5500,22220100
5600,22220100
5100,22220110
5500,22220110
5600,22220110
5100,22220111
5100,22220112
5100,22220130
5500,22220130
5600,22220130
5100,22220140
5500,22220140
5600,22220140
5100,22220150
5500,22220150
5600,22220150
5100,22220200
5500,22220200
5600,22220200
5100,22220300
5500,22220300
5600,22220300
5100,22220400
5500,22220400
5600,22220400
5100,22220410
5100,22230100
5500,22230100
5600,22230100
5100,22240100
5500,22240100
5600,22240100
5100,22240200
5500,22240200
5600,22240200
5100,22240300
5500,22240300
5600,22240300
5100,22240400
5500,22240400
5600,22240400
5100,22250100
5500,22250100
5600,22250100
5100,22250200
5500,22250200
5600,22250200
5100,23111100
5500,23111100
5600,23111100
5100,23111190
5500,23111190
5600,23111190
5100,23111200
5500,23111200
5600,23111200
5100,23111290
5500,23111290
5600,23111290
5100,23111300
5500,23111300
5600,23111300
5100,23111390
5500,23111390
5600,23111390
5100,23111400
5500,23111400
5600,23111400
5100,23111490
5500,23111490
5600,23111490
5100,23112100
5500,23112100
5600,23112100
5100,23112200
5500,23112200
5600,23112200
5100,23113100
5500,23113100
5600,23113100
5100,23113190
5500,23113190
5600,23113190
5100,23113200
5500,23113200
5600,23113200
5100,23114100
5500,23114100
5600,23114100
5100,23114190
5500,23114190
5600,23114190
5100,23115100
5300,23115100
5500,23115100
5600,23115100
5100,23115190
5500,23115190
5600,23115190
5100,23115200
5500,23115200
5600,23115200
5100,23115290
5500,23115290
5600,23115290
5100,23116100
5300,23116100
5500,23116100
5600,23116100
5100,23116200
5400,23116200
5500,23116200
5600,23116200
5100,23116300
5400,23116300
5500,23116300
5600,23116300
5100,23116400
5400,23116400
5500,23116400
5600,23116400
5100,23116500
5400,23116500
5500,23116500
5600,23116500
5100,23116600
5400,23116600
5500,23116600
5600,23116600
5100,23116900
5500,23116900
5600,23116900
5100,23117100
5400,23117100
5500,23117100
5600,23117100
5100,23117900
5500,23117900
5600,23117900
5100,23118100
5500,23118100
5600,23118100
5100,23118190
5500,23118190
5600,23118190
5100,23118200
5500,23118200
5600,23118200
5100,23118300
5500,23118300
5600,23118300
5100,23119100
5500,23119100
5600,23119100
5100,23119200
5500,23119200
5600,23119200
5100,23119300
5500,23119300
5600,23119300
5100,23121100
5500,23121100
5600,23121100
5100,23121200
5500,23121200
5600,23121200
5100,23121300
5400,23121300
5500,23121300
5600,23121300
5100,23122100
5300,23122100
5500,23122100
5600,23122100
5100,23122200
5500,23122200
5600,23122200
5100,23125100
5500,23125100
5600,23125100
5100,23125200
5500,23125200
5600,23125200
5100,23125300
5500,23125300
5600,23125300
5100,23125400
5500,23125400
5600,23125400
5100,23129100
5500,23129100
5600,23129100
5100,23129200
5300,23129200
5500,23129200
5600,23129200
5100,23129300
5500,23129300
5600,23129300
5100,23129500
5400,23129500
5500,23129500
5600,23129500
5100,23131100
5400,23131100
5500,23131100
5600,23131100
5600,23131101
5100,23131200
5300,23131200
5400,23131200
5500,23131200
5600,23131200
5100,23131300
5500,23131300
5600,23131300
5100,23131400
5500,23131400
5600,23131400
5400,23131401
5600,23131401
5100,23135100
5500,23135100
5600,23135100
5100,23139100
5500,23139100
5600,23139100
5100,23139200
5500,23139200
5600,23139200
5100,23139300
5500,23139300
5600,23139300
5100,23139400
5500,23139400
5600,23139400
5100,23141100
5400,23141100
5500,23141100
5600,23141100
5100,23141200
5400,23141200
5500,23141200
5600,23141200
5100,23142980
5400,23142980
5500,23142980
5600,23142980
5100,23142990
5500,23142990
5600,23142990
5100,23143510
5400,23143510
5600,23143510
5100,23143511
5100,23143512
5400,23143512
5600,23143512
5100,23143520
5400,23143520
5600,23143520
5100,23143521
5400,23143521
5600,23143521
5100,23143522
5400,23143522
5600,23143522
5100,23143530
5400,23143530
5600,23143530
5100,23143531
5100,23143532
5400,23143532
5600,23143532
5100,23143540
5400,23143540
5600,23143540
5100,23143541
5100,23143542
5400,23143542
5600,23143542
5100,23143550
5400,23143550
5600,23143550
5100,23143551
5100,23143552
5400,23143552
5600,23143552
5100,23143560
5400,23143560
5600,23143560
5100,23143561
5100,23143562
5400,23143562
5600,23143562
5100,23143570
5400,23143570
5600,23143570
5100,23143571
5100,23143572
5400,23143572
5600,23143572
5100,23143580
5400,23143580
5600,23143580
5100,23143581
5100,23143582
5400,23143582
5600,23143582
5100,23143590
5400,23143590
5600,23143590
5100,23143591
5100,23143592
5400,23143592
5600,23143592
5100,23143600
5400,23143600
5600,23143600
5100,23143601
5400,23143601
5600,23143601
5100,23143602
5400,23143602
5600,23143602
5100,23143610
5400,23143610
5600,23143610
5100,23143611
5100,23143612
5400,23143612
5600,23143612
5100,23143620
5400,23143620
5600,23143620
5100,23143621
5100,23143622
5400,23143622
5600,23143622
5100,23143630
5400,23143630
5600,23143630
5100,23143631
5400,23143631
5600,23143631
5100,23143632
5400,23143632
5600,23143632
5100,23143650
5400,23143650
5600,23143650
5100,23143651
5400,23143651
5600,23143651
5100,23143652
5400,23143652
5600,23143652
5300,23143680
5300,23143681
5300,23143682
5100,23143750
5400,23143750
5600,23143750
5100,23143751
5400,23143751
5600,23143751
5100,23143752
5400,23143752
5600,23143752
5100,23143760
5400,23143760
5600,23143760
5100,23143761
5400,23143761
5600,23143761
5100,23143762
5400,23143762
5600,23143762
5400,23144210
5600,23144210
5400,23144220
5600,23144220
5100,23144510
5400,23144510
5600,23144510
5100,23144511
5600,23144511
5100,23144512
5400,23144512
5600,23144512
5100,23144520
5400,23144520
5600,23144520
5100,23144521
5100,23144522
5400,23144522
5600,23144522
5100,23144530
5400,23144530
5600,23144530
5100,23144531
5100,23144532
5400,23144532
5600,23144532
5100,23144540
5400,23144540
5600,23144540
5100,23144541
5100,23144542
5400,23144542
5600,23144542
5100,23144550
5400,23144550
5600,23144550
5100,23144551
5100,23144552
5400,23144552
5600,23144552
5100,23144570
5400,23144570
5600,23144570
5100,23144571
5100,23144572
5400,23144572
5600,23144572
5400,23144630
5600,23144630
5400,23144631
5600,23144631
5400,23144632
5600,23144632
5100,23144640
5400,23144640
5600,23144640
5100,23144641
5400,23144641
5600,23144641
5100,23144642
5400,23144642
5600,23144642
5100,23144660
5400,23144660
5600,23144660
5100,23144661
5400,23144661
5600,23144661
5100,23144662
5400,23144662
5600,23144662
5100,23144830
5400,23144830
5600,23144830
5100,23144831
5400,23144831
5600,23144831
5100,23144832
5400,23144832
5600,23144832
5100,23144840
5400,23144840
5600,23144840
5100,23144841
5400,23144841
5600,23144841
5100,23144842
5400,23144842
5600,23144842
5100,23144850
5400,23144850
5600,23144850
5100,23144851
5400,23144851
5600,23144851
5100,23144852
5400,23144852
5600,23144852
5100,23144990
5500,23144990
5600,23144990
5100,23145010
5400,23145010
5500,23145010
5600,23145010
5100,23146050
5500,23146050
5600,23146050
5100,23147110
5100,23147210
5300,23147260
5300,23147261
5300,23147262
5100,23147270
5100,23147280
5400,23147280
5600,23147280
5100,23147281
5400,23147281
5600,23147281
5100,23147282
5400,23147282
5600,23147282
5100,23147290
5400,23147290
5600,23147290
5100,23147291
5400,23147291
5600,23147291
5100,23147292
5400,23147292
5600,23147292
5100,23147300
5400,23147300
5600,23147300
5100,23147301
5400,23147301
5600,23147301
5100,23147302
5400,23147302
5600,23147302
5400,23147310
5400,23147311
5400,23147312
5100,23147320
5600,23147320
5100,23147321
5600,23147321
5100,23147322
5600,23147322
5100,23147330
5600,23147330
5100,23147331
5600,23147331
5100,23147332
5600,23147332
5100,23147340
5600,23147340
5100,23147341
5600,23147341
5100,23147342
5600,23147342
5100,23147350
5600,23147350
5100,23147351
5600,23147351
5100,23147352
5600,23147352
5600,23147360
5100,23147390
5100,23147400
5100,23147760
5300,23147760
5600,23147760
5100,23147761
5300,23147761
5600,23147761
5100,23147762
5300,23147762
5600,23147762
5100,23147770
5600,23147770
5100,23147771
5600,23147771
5100,23147772
5600,23147772
5100,23147810
5600,23147810
5100,23147811
5600,23147811
5100,23147812
5600,23147812
5100,23148070
5600,23148070
5100,23148071
5600,23148071
5100,23148072
5600,23148072
5400,23148080
5600,23148080
5400,23148081
5600,23148081
5400,23148082
5600,23148082
5400,23148090
5400,23148091
5400,23148092
5100,23148350
5600,23148350
5100,23148351
5600,23148351
5100,23148352
5600,23148352
5100,23148360
5300,23148360
5600,23148360
5100,23148361
5300,23148361
5600,23148361
5100,23148362
5300,23148362
5600,23148362
5100,23148370
5600,23148370
5100,23148371
5600,23148371
5100,23148372
5600,23148372
5100,23148380
5600,23148380
5100,23148381
5600,23148381
5100,23148382
5600,23148382
5100,23148390
5600,23148390
5100,23148391
5600,23148391
5100,23148392
5600,23148392
5100,23148410
5600,23148410
5100,23148411
5600,23148411
5100,23148412
5600,23148412
5500,23148420
5500,23148421
5500,23148422
5500,23148430
5600,23148430
5600,23148431
5600,23148432
5100,23148440
5100,23148441
5100,23148442
5500,23148450
5500,23148451
5500,23148452
5500,23148460
5500,23148461
5500,23148462
5100,23148470
5100,23148471
5100,23148472
5500,23148480
5500,23148481
5500,23148482
5500,23148490
5500,23148491
5500,23148492
5100,23148495
5100,23148510
5100,23148511
5100,23148512
5100,23148515
5100,23148516
5100,23148517
5100,23148520
5100,23148521
5100,23148522
5100,23148530
5100,23148531
5100,23148532
5400,23148540
5400,23148541
5400,23148542
5100,23148610
5100,23148611
5100,23148612
5100,23148620
5100,23148621
5100,23148622
5100,23148630
5100,23148631
5100,23148632
5100,23148640
5100,23148641
5100,23148642
5100,23148650
5100,23148660
5500,23148660
5500,23149180
5500,23149181
5500,23149182
5500,23149190
5500,23149191
5500,23149192
5100,23149200
5100,23149201
5100,23149202
5100,23149250
5100,23149251
5100,23149252
5100,23149260
5100,23149261
5100,23149262
5100,23149440
5100,23149441
5100,23149442
5100,23151100
5400,23151100
5500,23151100
5600,23151100
5100,23151300
5500,23151300
5600,23151300
5100,23151400
5500,23151400
5600,23151400
5100,23152100
5500,23152100
5600,23152100
5100,23152200
5500,23152200
5600,23152200
5100,23152300
5500,23152300
5600,23152300
5100,23152400
5500,23152400
5600,23152400
5100,23511100
5500,23511100
5600,23511100
5100,23521100
5500,23521100
5600,23521100
5100,23521200
5500,23521200
5600,23521200
5100,23521300
5300,23521300
5500,23521300
5600,23521300
5100,23521400
5500,23521400
5600,23521400
5100,23521500
5500,23521500
5600,23521500
5100,23521600
5300,23521600
5500,23521600
5600,23521600
5100,23522200
5500,23522200
5600,23522200
5100,23522300
5500,23522300
5600,23522300
5100,23523300
5300,23523300
5500,23523300
5600,23523300
5100,23523400
5500,23523400
5600,23523400
5100,23523500
5500,23523500
5600,23523500
5100,23523600
5500,23523600
5600,23523600
5100,23523700
5500,23523700
5600,23523700
5100,23524100
5500,23524100
5600,23524100
5100,23524200
5500,23524200
5600,23524200
5100,23524300
5500,23524300
5600,23524300
5100,23524400
5400,23524400
5500,23524400
5600,23524400
5100,23524500
5300,23524500
5500,23524500
5600,23524500
5100,23524600
5500,23524600
5600,23524600
5100,23525100
5300,23525100
5500,23525100
5600,23525100
5100,23525200
5300,23525200
5400,23525200
5500,23525200
5600,23525200
5100,23525300
5500,23525300
5600,23525300
5100,23525400
5500,23525400
5600,23525400
5100,23525500
5500,23525500
5600,23525500
5100,23525600
5500,23525600
5600,23525600
5100,23525700
5500,23525700
5600,23525700
5100,23525800
5500,23525800
5600,23525800
5100,23531010
5500,23531010
5600,23531010
5100,23531020
5500,23531020
5600,23531020
5100,23531030
5500,23531030
5600,23531030
5100,23531040
5500,23531040
5600,23531040
5100,23531050
5500,23531050
5600,23531050
5100,23531060
5500,23531060
5600,23531060
5100,23531070
5500,23531070
5600,23531070
5100,23531080
5500,23531080
5600,23531080
5100,23531090
5500,23531090
5600,23531090
5100,23531110
5500,23531110
5600,23531110
5100,23531120
5500,23531120
5600,23531120
5100,23531130
5500,23531130
5600,23531130
5100,23531140
5500,23531140
5600,23531140
5100,23531150
5500,23531150
5600,23531150
5100,23531160
5500,23531160
5600,23531160
5100,23531170
5500,23531170
5600,23531170
5100,23531180
5500,23531180
5600,23531180
5100,23531190
5300,23531190
5500,23531190
5600,23531190
5100,23531200
5300,23531200
5500,23531200
5600,23531200
5100,23531210
5300,23531210
5500,23531210
5600,23531210
5100,23531220
5300,23531220
5400,23531220
5500,23531220
5600,23531220
5100,23531230
5300,23531230
5400,23531230
5500,23531230
5600,23531230
5100,23531240
5300,23531240
5400,23531240
5500,23531240
5600,23531240
5100,23531241
5300,23531241
5400,23531241
5500,23531241
5600,23531241
5100,23531242
5300,23531242
5400,23531242
5500,23531242
5100,23531900
5400,23531900
5500,23531900
5600,23531900
5100,23532010
5500,23532010
5600,23532010
5100,23532020
5500,23532020
5600,23532020
5100,23532030
5500,23532030
5600,23532030
5100,23533010
5500,23533010
5600,23533010
5100,23533011
5500,23533011
5100,23533012
5500,23533012
5100,23533050
5500,23533050
5600,23533050
5400,23541100
5600,23541100
5400,23541200
5600,23541200
5400,23541300
5600,23541300
5100,23542010
5400,23542010
5500,23542010
5600,23542010
5100,23542020
5400,23542020
5500,23542020
5600,23542020
5100,23542030
5400,23542030
5500,23542030
5600,23542030
5100,23542040
5400,23542040
5500,23542040
5600,23542040
5100,23542050
5400,23542050
5500,23542050
5600,23542050
5100,23542060
5400,23542060
5500,23542060
5600,23542060
5400,23542110
5600,23542110
5400,23542120
5600,23542120
5400,23542130
5600,23542130
5400,23542140
5600,23542140
5400,23542150
5600,23542150
5400,23542160
5600,23542160
5400,23542210
5600,23542210
5400,23542220
5600,23542220
5400,23542230
5600,23542230
5400,23542240
5600,23542240
5400,23542250
5600,23542250
5400,23542260
5600,23542260
5100,23543010
5400,23543010
5500,23543010
5600,23543010
5100,23543020
5400,23543020
5500,23543020
5600,23543020
5100,23543030
5400,23543030
5500,23543030
5600,23543030
5100,23543040
5400,23543040
5500,23543040
5600,23543040
5100,23543050
5400,23543050
5500,23543050
5600,23543050
5100,23543060
5400,23543060
5500,23543060
5600,23543060
5100,23543110
5400,23543110
5500,23543110
5600,23543110
5100,23543120
5400,23543120
5500,23543120
5600,23543120
5100,23543130
5400,23543130
5500,23543130
5600,23543130
5100,23543140
5400,23543140
5500,23543140
5600,23543140
5100,23543150
5500,23543150
5600,23543150
5100,23543160
5500,23543160
5600,23543160
5100,23543210
5400,23543210
5500,23543210
5600,23543210
5100,23543220
5500,23543220
5600,23543220
5100,23543230
5500,23543230
5600,23543230
5100,23543240
5500,23543240
5600,23543240
5100,23543250
5500,23543250
5600,23543250
5100,23543260
5500,23543260
5600,23543260
5100,23543310
5400,23543310
5500,23543310
5600,23543310
5100,23543320
5500,23543320
5600,23543320
5100,23543330
5500,23543330
5600,23543330
5100,23543340
5500,23543340
5600,23543340
5100,23544100
5400,23544100
5500,23544100
5600,23544100
5100,23544200
5400,23544200
5500,23544200
5600,23544200
5100,23544300
5500,23544300
5600,23544300
5100,23544400
5500,23544400
5600,23544400
5100,23545010
5500,23545010
5600,23545010
5100,23545020
5500,23545020
5600,23545020
5100,23545030
5500,23545030
5600,23545030
5100,23545040
5500,23545040
5600,23545040
5100,23545050
5400,23545050
5500,23545050
5600,23545050
5100,23546010
5500,23546010
5600,23546010
5100,23546020
5500,23546020
5600,23546020
5100,23546030
5500,23546030
5600,23546030
5100,23546040
5500,23546040
5600,23546040
5100,23546050
5400,23546050
5500,23546050
5600,23546050
5100,23546060
5500,23546060
5600,23546060
5100,23547100
5500,23547100
5600,23547100
5100,23547200
5500,23547200
5600,23547200
5100,23547300
5500,23547300
5600,23547300
5100,23547900
5100,23548100
5500,23548100
5600,23548100
5100,23548200
5500,23548200
5600,23548200
5100,23548300
5500,23548300
5600,23548300
5100,23548400
5500,23548400
5600,23548400
5100,23548500
5500,23548500
5600,23548500
5100,23548600
5500,23548600
5600,23548600
5100,23548700
5500,23548700
5600,23548700
5100,23550001
5400,23550001
5500,23550001
5600,23550001
5100,23550002
5400,23550002
5500,23550002
5600,23550002
5100,23550003
5400,23550003
5500,23550003
5600,23550003
5100,23550004
5400,23550004
5500,23550004
5600,23550004
5100,23550005
5400,23550005
5500,23550005
5600,23550005
5100,23550006
5400,23550006
5500,23550006
5600,23550006
5100,23550051
5400,23550051
5500,23550051
5600,23550051
5100,23550052
5400,23550052
5500,23550052
5600,23550052
5100,23550053
5400,23550053
5500,23550053
5600,23550053
5100,23550054
5400,23550054
5500,23550054
5600,23550054
5100,23550101
5400,23550101
5500,23550101
5600,23550101
5100,23550102
5400,23550102
5500,23550102
5600,23550102
5100,23550103
5400,23550103
5500,23550103
5600,23550103
5100,23550104
5400,23550104
5500,23550104
5600,23550104
5100,23551001
5500,23551001
5600,23551001
5100,23551002
5500,23551002
5600,23551002
5100,23551003
5500,23551003
5600,23551003
5100,23551005
5500,23551005
5600,23551005
5100,23551006
5500,23551006
5600,23551006
5100,23551007
5500,23551007
5600,23551007
5400,23551154
5600,23551154
5400,23551155
5400,23551156
5100,23551161
5400,23551161
5500,23551161
5600,23551161
5100,23551201
5400,23551201
5500,23551201
5600,23551201
5100,23551202
5400,23551202
5500,23551202
5600,23551202
5100,23551203
5400,23551203
5500,23551203
5600,23551203
5100,23551204
5500,23551204
5600,23551204
5100,23551205
5500,23551205
5600,23551205
5100,23551206
5500,23551206
5600,23551206
5100,23551207
5500,23551207
5600,23551207
5100,23551208
5500,23551208
5600,23551208
5100,23551209
5500,23551209
5600,23551209
5100,23551210
5500,23551210
5600,23551210
5100,23551211
5500,23551211
5600,23551211
5100,23551212
5500,23551212
5600,23551212
5100,23551213
5500,23551213
5600,23551213
5100,23551214
5500,23551214
5600,23551214
5100,23551215
5500,23551215
5600,23551215
5100,23551216
5500,23551216
5600,23551216
5100,23551217
5500,23551217
5600,23551217
5100,23551218
5500,23551218
5600,23551218
5100,23551219
5500,23551219
5600,23551219
5100,24110100
5500,24110100
5600,24110100
5100,24110200
5500,24110200
5600,24110200
5100,29101100
5500,29101100
5600,29101100
5100,29101110
5500,29101110
5600,29101110
5100,29101200
5500,29101200
5600,29101200
5100,51103400
5500,51103400
5600,51103400
5100,51104100
5500,51104100
5600,51104100
5100,51104200
5500,51104200
5600,51104200
5100,51104300
5400,51104300
5500,51104300
5600,51104300
5100,51104400
5500,51104400
5600,51104400
5600,51104500
5100,51105100
5500,51105100
5600,51105100
5100,51105200
5500,51105200
5600,51105200
5100,51105300
5500,51105300
5600,51105300
5100,51109100
5400,51109100
5500,51109100
5600,51109100
5100,51201100
5300,51201100
5500,51201100
5600,51201100
5100,51201200
5300,51201200
5500,51201200
5600,51201200
5100,51201300
5500,51201300
5600,51201300
5100,51202100
5500,51202100
5600,51202100
5100,51202200
5500,51202200
5600,51202200
5100,51202300
5500,51202300
5600,51202300
5400,51203400
5100,51204100
5500,51204100
5600,51204100
5100,51204200
5500,51204200
5600,51204200
5100,51204300
5500,51204300
5600,51204300
5100,51301200
5500,51301200
5600,51301200
5100,51302100
5500,51302100
5600,51302100
5100,51302200
5500,51302200
5600,51302200
5100,51302900
5500,51302900
5600,51302900
5100,51303100
5500,51303100
5600,51303100
5100,51303200
5500,51303200
5600,51303200
5100,51304100
5500,51304100
5600,51304100
5100,51304200
5100,51305100
5500,51305100
5600,51305100
5100,51305200
5500,51305200
5600,51305200
5100,51306100
5500,51306100
5600,51306100
5100,51306200
5500,51306200
5600,51306200
5100,52010100
5500,52010100
5600,52010100
5100,52010200
5400,52010200
5500,52010200
5600,52010200
5100,52010300
5500,52010300
5600,52010300
5100,52010400
5500,52010400
5600,52010400
5100,52010500
5400,52010500
5500,52010500
5600,52010500
5100,52010600
5500,52010600
5100,52020100
5400,52020100
5500,52020100
5600,52020100
5100,52030100
5500,52030100
5600,52030100
5100,52030200
5500,52030200
5600,52030200
5100,52040100
5500,52040100
5600,52040100
5100,52040200
5500,52040200
5600,52040200
5100,52040400
5300,52040400
5500,52040400
5600,52040400
5100,52040500
5300,52040500
5500,52040500
5600,52040500
5100,52040600
5500,52040600
5600,52040600
5100,52040700
5500,52040700
5600,52040700
5100,52040900
5500,52040900
5600,52040900
5100,52050100
5500,52050100
5600,52050100
5100,52050200
5500,52050200
5600,52050200
5100,52050300
5500,52050300
5600,52050300
5100,52060100
5500,52060100
5600,52060100
5100,59010100
5500,59010100
5600,59010100
5100,59010101
5500,59010101
5600,59010101
5100,59010200
5500,59010200
5600,59010200
5100,59010201
5500,59010201
5600,59010201
5100,61010100
5500,61010100
5600,61010100
5100,61010200
5500,61010200
5600,61010200
5100,61010300
5500,61010300
5600,61010300
5100,61010400
5500,61010400
5600,61010400
5100,61010500
5500,61010500
5600,61010500
5100,61010600
5500,61010600
5600,61010600
5100,61010700
5400,61010700
5500,61010700
5600,61010700
5100,61010900
5400,61010900
5500,61010900
5600,61010900
5100,61020100
5500,61020100
5600,61020100
5100,61020200
5500,61020200
5600,61020200
5100,61020300
5500,61020300
5600,61020300
5100,61020400
5500,61020400
5600,61020400
5100,61020500
5500,61020500
5600,61020500
5100,61020600
5500,61020600
5600,61020600
5100,61020700
5500,61020700
5600,61020700
5100,61020800
5500,61020800
5600,61020800
5100,61030100
5500,61030100
5600,61030100
5100,61030200
5500,61030200
5600,61030200
5100,61030300
5500,61030300
5600,61030300
5100,61030400
5500,61030400
5600,61030400
5100,61040100
5500,61040100
5600,61040100
5100,61040200
5500,61040200
5600,61040200
5100,61040300
5500,61040300
5600,61040300
5100,61040400
5500,61040400
5600,61040400
5100,61050100
5400,61050100
5500,61050100
5600,61050100
5100,61050200
5500,61050200
5600,61050200
5100,61050300
5500,61050300
5600,61050300
5100,61050400
5500,61050400
5600,61050400
5100,61050990
5500,61050990
5600,61050990
5100,61060100
5400,61060100
5500,61060100
5600,61060100
5100,61060200
5500,61060200
5600,61060200
5100,61060300
5500,61060300
5600,61060300
5100,61060400
5500,61060400
5600,61060400
5100,61060500
5500,61060500
5600,61060500
5100,61060900
5400,61060900
5500,61060900
5600,61060900
5100,61070100
5500,61070100
5600,61070100
5100,61070200
5500,61070200
5600,61070200
5100,61070300
5400,61070300
5500,61070300
5600,61070300
5100,61070400
5300,61070400
5400,61070400
5500,61070400
5600,61070400
5100,61070500
5400,61070500
5500,61070500
5600,61070500
5100,61070600
5500,61070600
5600,61070600
5100,61070700
5300,61070700
5500,61070700
5600,61070700
5100,61070800
5400,61070800
5500,61070800
5600,61070800
5100,61070900
5500,61070900
5600,61070900
5100,61070990
5500,61070990
5600,61070990
5100,61100010
5300,61100010
5500,61100010
5600,61100010
5100,61100020
5500,61100020
5600,61100020
5100,61100030
5500,61100030
5600,61100030
5100,61100040
5500,61100040
5600,61100040
5100,61100050
5500,61100050
5600,61100050
5100,61100090
5300,61100090
5500,61100090
5600,61100090
5100,61200010
5500,61200010
5600,61200010
5100,61200020
5500,61200020
5600,61200020
5100,61300010
5500,61300010
5600,61300010
5100,61300020
5500,61300020
5600,61300020
5100,61300030
5500,61300030
5600,61300030
5100,61300040
5500,61300040
5600,61300040
5100,61300050
5500,61300050
5600,61300050
5100,61500010
5500,61500010
5600,61500010
5100,61500020
5500,61500020
5600,61500020
5100,61500030
5500,61500030
5600,61500030
5100,61500040
5500,61500040
5600,61500040
5100,61500050
5500,61500050
5600,61500050
5100,61500080
5500,61500080
5600,61500080
5100,61500090
5500,61500090
5600,61500090
5100,61600010
5500,61600010
5600,61600010
5100,61600020
5500,61600020
5600,61600020
5100,61600030
5500,61600030
5600,61600030
5100,61600040
5300,61600040
5500,61600040
5600,61600040
5100,61600090
5500,61600090
5600,61600090
5100,61700010
5500,61700010
5600,61700010
5100,61700020
5500,61700020
5600,61700020
5100,61700030
5500,61700030
5600,61700030
5100,61700040
5500,61700040
5600,61700040
5100,61700050
5500,61700050
5600,61700050
5100,61800010
5500,61800010
5600,61800010
5100,61800020
5500,61800020
5600,61800020
5100,61800030
5500,61800030
5600,61800030
5100,61800040
5500,61800040
5600,61800040
5100,61800050
5500,61800050
5600,61800050
5100,62010100
5500,62010100
5600,62010100
5100,62010200
5500,62010200
5600,62010200
5100,62010900
5300,62010900
5500,62010900
5600,62010900
5100,62020100
5500,62020100
5600,62020100
5100,62020200
5500,62020200
5600,62020200
5100,62020300
5400,62020300
5500,62020300
5600,62020300
5100,62030300
5300,62030300
5500,62030300
5600,62030300
5100,62030400
5400,62030400
5500,62030400
5600,62030400
5100,62030500
5400,62030500
5500,62030500
5600,62030500
5100,62030600
5500,62030600
5600,62030600
5100,62030700
5400,62030700
5500,62030700
5600,62030700
5100,62040100
5500,62040100
5600,62040100
5100,63011100
5500,63011100
5600,63011100
5100,63011200
5500,63011200
5600,63011200
5100,63011300
5500,63011300
5600,63011300
5100,63011400
5500,63011400
5600,63011400
5100,63011500
5500,63011500
5600,63011500
5100,63011600
5500,63011600
5600,63011600
5100,63011700
5500,63011700
5600,63011700
5100,63011990
5500,63011990
5600,63011990
5100,63012100
5500,63012100
5600,63012100
5100,63012200
5500,63012200
5600,63012200
5100,63012300
5500,63012300
5600,63012300
5100,63012400
5500,63012400
5600,63012400
5100,63012500
5500,63012500
5600,63012500
5100,63012600
5500,63012600
5600,63012600
5100,63012700
5500,63012700
5600,63012700
5100,63012900
5500,63012900
5600,63012900
5100,63012990
5500,63012990
5600,63012990
5100,63013100
5500,63013100
5600,63013100
5100,63013200
5500,63013200
5600,63013200
5100,63013300
5500,63013300
5600,63013300
5100,63013400
5500,63013400
5600,63013400
5100,63013500
5500,63013500
5600,63013500
5100,63013600
5500,63013600
5600,63013600
5100,63013700
5500,63013700
5600,63013700
5100,63013990
5500,63013990
5600,63013990
5100,63014100
5500,63014100
5600,63014100
5100,63014200
5500,63014200
5600,63014200
5100,63014300
5500,63014300
5600,63014300
5100,63014400
5500,63014400
5600,63014400
5100,63014500
5500,63014500
5600,63014500
5100,63014600
5300,63014600
5500,63014600
5600,63014600
5100,63014700
5500,63014700
5600,63014700
5100,63014800
5300,63014800
5500,63014800
5600,63014800
5100,63014990
5500,63014990
5600,63014990
5100,63015100
5500,63015100
5600,63015100
5100,63015200
5500,63015200
5600,63015200
5100,63015300
5500,63015300
5600,63015300
5100,63015400
5500,63015400
5600,63015400
5100,63015500
5500,63015500
5600,63015500
5100,63015600
5500,63015600
5600,63015600
5100,63015700
5300,63015700
5400,63015700
5500,63015700
5600,63015700
5100,63015990
5500,63015990
5600,63015990
5100,63016100
5500,63016100
5600,63016100
5100,63016200
5500,63016200
5600,63016200
5100,63016300
5500,63016300
5600,63016300
5100,63016400
5500,63016400
5600,63016400
5100,63016500
5500,63016500
5600,63016500
5100,63016600
5500,63016600
5600,63016600
5100,63016700
5500,63016700
5600,63016700
5100,63016800
5500,63016800
5600,63016800
5100,63016900
5500,63016900
5600,63016900
5100,63021100
5500,63021100
5600,63021100
5100,63021200
5500,63021200
5600,63021200
5100,63021300
5500,63021300
5600,63021300
5100,63021400
5500,63021400
5600,63021400
5100,63021500
5500,63021500
5600,63021500
5100,63021600
5300,63021600
5500,63021600
5600,63021600
5100,63021700
5500,63021700
5600,63021700
5100,63022100
5500,63022100
5600,63022100
5100,63022200
5500,63022200
5600,63022200
5100,63022300
5500,63022300
5600,63022300
5100,63022400
5500,63022400
5600,63022400
5100,63022500
5500,63022500
5600,63022500
5100,63022600
5500,63022600
5600,63022600
5100,63022700
5500,63022700
5600,63022700
5100,63023100
5300,63023100
5500,63023100
5600,63023100
5100,63023200
5500,63023200
5600,63023200
5100,64010100
5500,64010100
5600,64010100
5100,64010200
5500,64010200
5600,64010200
5100,64010500
5500,64010500
5600,64010500
5100,64020100
5500,64020100
5600,64020100
5100,64020200
5500,64020200
5600,64020200
5100,64030100
5500,64030100
5600,64030100
5100,64030200
5500,64030200
5600,64030200
5100,64030990
5500,64030990
5600,64030990
5100,64040100
5500,64040100
5600,64040100
5100,64040200
5500,64040200
5600,64040200
5100,64050110
5500,64050110
5600,64050110
5100,64050120
5500,64050120
5600,64050120
5100,64050130
5500,64050130
5600,64050130
5100,64050210
5500,64050210
5600,64050210
5100,64050220
5500,64050220
5600,64050220
5100,64050230
5500,64050230
5600,64050230
5100,64050240
5500,64050240
5600,64050240
5100,64050310
5500,64050310
5600,64050310
5100,64050320
5500,64050320
5600,64050320
5100,64050330
5300,64050330
5400,64050330
5500,64050330
5600,64050330
5100,64050340
5500,64050340
5600,64050340
5100,64050350
5500,64050350
5600,64050350
5100,64050390
5500,64050390
5600,64050390
5100,64050990
5500,64050990
5600,64050990
5100,64060110
5300,64060110
5500,64060110
5600,64060110
5100,64060120
5500,64060120
5600,64060120
5100,64060130
5500,64060130
5600,64060130
5100,64070110
5500,64070110
5600,64070110
5100,64070120
5300,64070120
5400,64070120
5500,64070120
5600,64070120
5100,64070130
5500,64070130
5600,64070130
5100,64070140
5400,64070140
5500,64070140
5600,64070140
5100,64070150
5500,64070150
5600,64070150
5100,64070160
5500,64070160
5600,64070160
5100,65011010
5500,65011010
5600,65011010
5100,65011020
5500,65011020
5600,65011020
5100,65012010
5500,65012010
5600,65012010
5100,65012020
5500,65012020
5600,65012020
5100,65012030
5500,65012030
5600,65012030
5100,65013010
5500,65013010
5600,65013010
5100,65013020
5500,65013020
5600,65013020
5100,65014010
5500,65014010
5600,65014010
5100,65015010
5500,65015010
5600,65015010
5100,65015020
5500,65015020
5600,65015020
5100,65015030
5400,65015030
5500,65015030
5600,65015030
5100,65015040
5500,65015040
5600,65015040
5100,65016010
5500,65016010
5600,65016010
5100,65016020
5500,65016020
5600,65016020
5100,65016030
5500,65016030
5600,65016030
5100,65016040
5500,65016040
5600,65016040
5100,65017010
5500,65017010
5600,65017010
5100,65017020
5500,65017020
5600,65017020
5100,65017030
5500,65017030
5600,65017030
5100,65017040
5500,65017040
5600,65017040
5100,65018010
5500,65018010
5600,65018010
5100,65018020
5500,65018020
5600,65018020
5100,65019010
5500,65019010
5600,65019010
5100,65019020
5500,65019020
5600,65019020
5100,65051100
5500,65051100
5600,65051100
5100,65051200
5500,65051200
5600,65051200
5100,65051300
5500,65051300
5600,65051300
5100,66101010
5500,66101010
5600,66101010
5100,66102010
5300,66102010
5500,66102010
5600,66102010
5100,66102020
5500,66102020
5600,66102020
5100,66103010
5300,66103010
5500,66103010
5600,66103010
5100,66201010
5500,66201010
5600,66201010
5100,66201020
5500,66201020
5600,66201020
5100,66201030
5500,66201030
5600,66201030
5100,66201040
5500,66201040
5600,66201040
5100,66201050
5500,66201050
5600,66201050
5100,66202010
5500,66202010
5600,66202010
5100,66202020
5300,66202020
5500,66202020
5600,66202020
5400,66202070
5100,66203010
5500,66203010
5600,66203010
5100,66203020
5400,66203020
5500,66203020
5600,66203020
5100,66203030
5400,66203030
5500,66203030
5600,66203030
5100,66203040
5400,66203040
5500,66203040
5600,66203040
5100,66204010
5500,66204010
5600,66204010
5100,66204020
5500,66204020
5600,66204020
5100,66205010
5500,66205010
5600,66205010
5100,66205020
5500,66205020
5600,66205020
5100,66205030
5300,66205030
5500,66205030
5600,66205030
5100,66205040
5300,66205040
5500,66205040
5600,66205040
5100,66205050
5500,66205050
5600,66205050
5100,66206010
5500,66206010
5600,66206010
5100,66206020
5500,66206020
5600,66206020
5100,66301010
5400,66301010
5500,66301010
5600,66301010
5100,66301020
5400,66301020
5500,66301020
5600,66301020
5100,66302010
5300,66302010
5400,66302010
5500,66302010
5600,66302010
5100,66302020
5300,66302020
5500,66302020
5600,66302020
5100,66302030
5500,66302030
5600,66302030
5100,66302040
5400,66302040
5500,66302040
5600,66302040
5100,66302050
5400,66302050
5500,66302050
5600,66302050
5100,66302060
5500,66302060
5600,66302060
5100,66302080
5300,66302080
5500,66302080
5600,66302080
5100,66302090
5500,66302090
5600,66302090
5100,66303010
5500,66303010
5600,66303010
5100,66303020
5500,66303020
5600,66303020
5100,66304010
5300,66304010
5500,66304010
5600,66304010
5100,66304020
5300,66304020
5500,66304020
5600,66304020
5100,66304030
5300,66304030
5500,66304030
5600,66304030
5100,66304040
5300,66304040
5500,66304040
5600,66304040
5100,66305010
5300,66305010
5500,66305010
5600,66305010
5100,66305020
5300,66305020
5500,66305020
5600,66305020
5100,66305030
5500,66305030
5600,66305030
5100,66305040
5500,66305040
5600,66305040
5100,66305050
5500,66305050
5600,66305050
5100,66305990
5500,66305990
5600,66305990
5100,66306010
5300,66306010
5500,66306010
5600,66306010
5100,66306020
5300,66306020
5500,66306020
5600,66306020
5100,66306030
5500,66306030
5600,66306030
5100,66306040
5500,66306040
5600,66306040
5100,66306050
5300,66306050
5400,66306050
5500,66306050
5600,66306050
5100,66306060
5500,66306060
5600,66306060
5100,66307010
5500,66307010
5600,66307010
5100,66307020
5300,66307020
5500,66307020
5600,66307020
5100,66308010
5300,66308010
5500,66308010
5600,66308010
5100,66308020
5500,66308020
5600,66308020
5100,66308030
5300,66308030
5500,66308030
5600,66308030
5100,66308040
5500,66308040
5600,66308040
5100,66308050
5300,66308050
5500,66308050
5600,66308050
5100,66308990
5500,66308990
5600,66308990
5100,66309010
5500,66309010
5600,66309010
5100,66309020
5500,66309020
5600,66309020
5100,66309030
5500,66309030
5600,66309030
5400,66309040
5600,66309040
5100,66309050
5500,66309050
5600,66309050
5100,66309060
5500,66309060
5600,66309060
5100,66309070
5500,66309070
5600,66309070
5100,66311010
5500,66311010
5600,66311010
5100,66311020
5500,66311020
5600,66311020
5100,66311030
5500,66311030
5600,66311030
5100,66311040
5500,66311040
5600,66311040
5100,66312010
5500,66312010
5600,66312010
5100,66312020
5500,66312020
5600,66312020
5100,66312030
5500,66312030
5600,66312030
5100,66312040
5500,66312040
5600,66312040
5100,66312080
5500,66312080
5600,66312080
5100,66313010
5300,66313010
5500,66313010
5600,66313010
5100,66313020
5400,66313020
5500,66313020
5600,66313020
5100,66401010
5500,66401010
5600,66401010
5100,66401020
5500,66401020
5600,66401020
5100,66401030
5500,66401030
5600,66401030
5100,66401040
5500,66401040
5600,66401040
5100,66401050
5300,66401050
5400,66401050
5500,66401050
5600,66401050
5100,66402010
5500,66402010
5600,66402010
5100,66402020
5500,66402020
5600,66402020
5100,66402030
5500,66402030
5600,66402030
5100,66402040
5500,66402040
5600,66402040
5100,66402050
5500,66402050
5600,66402050
5100,66402060
5500,66402060
5600,66402060
5100,66402070
5500,66402070
5600,66402070
5100,66406010
5500,66406010
5600,66406010
5100,66406020
5500,66406020
5600,66406020
5100,66409990
5500,66409990
5600,66409990
5100,67100100
5500,67100100
5600,67100100
5100,67100200
5500,67100200
5600,67100200
5100,67100300
5500,67100300
5600,67100300
5100,67100400
5500,67100400
5600,67100400
5100,67100500
5500,67100500
5600,67100500
5100,67100600
5500,67100600
5600,67100600
5100,67100700
5500,67100700
5600,67100700
5100,67100800
5500,67100800
5600,67100800
5100,67100900
5500,67100900
5600,67100900
5100,67101100
5500,67101100
5600,67101100
5100,67101200
5500,67101200
5600,67101200
5100,67101300
5500,67101300
5600,67101300
5100,67101400
5500,67101400
5600,67101400
5100,67101500
5500,67101500
5600,67101500
5100,67101600
5500,67101600
5600,67101600
5100,67101700
5500,67101700
5600,67101700
5100,67101990
5500,67101990
5600,67101990
5100,67200100
5500,67200100
5600,67200100
5100,67200200
5500,67200200
5600,67200200
5100,67200300
5500,67200300
5600,67200300
5100,67200400
5500,67200400
5600,67200400
5100,67200500
5500,67200500
5600,67200500
5100,67200600
5500,67200600
5600,67200600
5100,68010100
5300,68010100
5400,68010100
5500,68010100
5600,68010100
5100,68010200
5500,68010200
5600,68010200
5100,68010300
5500,68010300
5600,68010300
5100,68010400
5500,68010400
5600,68010400
5100,68020100
5500,68020100
5600,68020100
5100,68020200
5300,68020200
5500,68020200
5600,68020200
5100,69010100
5500,69010100
5600,69010100
5100,69020100
5500,69020100
5600,69020100
5100,69030100
5500,69030100
5600,69030100
5100,69030200
5500,69030200
5600,69030200
5100,69100100
5500,69100100
5600,69100100
5100,69100200
5500,69100200
5600,69100200
5100,69100400
5500,69100400
5600,69100400
5100,69910100
5300,69910100
5500,69910100
5600,69910100
5100,69910101
5500,69910101
5600,69910101
5100,69910200
5500,69910200
5600,69910200
5100,69910201
5500,69910201
5600,69910201
5100,69910300
5500,69910300
5600,69910300
5100,69910301
5500,69910301
5600,69910301
5100,70000010
5500,70000010
5600,70000010
5100,70000020
5500,70000020
5600,70000020
5100,70000610
5500,70000610
5600,70000610
5100,70000620
5500,70000620
5600,70000620
5100,81111100
5500,81111100
5600,81111100
5100,81111101
5500,81111101
5600,81111101
5100,81111200
5500,81111200
5600,81111200
5100,81111201
5500,81111201
5600,81111201
5100,81112010
5500,81112010
5600,81112010
5100,81112020
5500,81112020
5600,81112020
5100,81112030
5500,81112030
5600,81112030
5100,81112040
5500,81112040
5600,81112040
5100,81112110
5500,81112110
5600,81112110
5100,81112120
5500,81112120
5600,81112120
5100,81112310
5500,81112310
5600,81112310
5100,81112320
5500,81112320
5600,81112320
5100,81112910
5500,81112910
5600,81112910
5100,81112920
5500,81112920
5600,81112920
5100,81112940
5500,81112940
5600,81112940
5100,85011010
5500,85011010
5600,85011010
5100,85011011
5500,85011011
5600,85011011
5100,85011020
5500,85011020
5600,85011020
5100,85011021
5500,85011021
5600,85011021
5100,85012010
5500,85012010
5600,85012010
5100,85012011
5500,85012011
5600,85012011
5100,85012020
5500,85012020
5600,85012020
5100,85012021
5500,85012021
5600,85012021
5100,99009510
5500,99009510
5600,99009510
5100,99009520
5500,99009520
5600,99009520
5100,99009530
5500,99009530
5600,99009530
5100,99009540
5500,99009540
5600,99009540
5100,99009550
5500,99009550
5600,99009550
5100,99009560
5500,99009560
5600,99009560
5100,99009610
5500,99009610
5600,99009610
5100,99009620
5500,99009620
5600,99009620
5100,99009630
5500,99009630
5600,99009630
5100,99009640
5400,99009640
5500,99009640
5600,99009640
5100,99009650
5500,99009650
5600,99009650
5100,99009660
5400,99009660
5500,99009660
5600,99009660
5100,99009670
5400,99009670
5500,99009670
5600,99009670
5100,99009680
5500,99009680
5600,99009680
5100,99009690
5500,99009690
5100,99009695
5500,99009695
