Plant,MRP Controller
0001,001
1,1
1000,100
1000,101
1000,102
1000,103
1101,100
1101,101
1101,102
1101,103
1101,B01
1101,RM1
1101,SF1
1101,SS1
1102,100
1102,101
1102,102
1102,103
1102,B01
1102,BE1
1102,BF1
1102,BS1
1102,CEG
1102,E01
1102,IF1
1102,IS1
1102,PM1
1102,RM1
1102,RM2
1102,RM3
1102,SF1
1102,SS1
1102,U01
1102,ZC2
1103,100
1103,101
1103,102
1103,103
1103,B01
1103,CEG
1104,100
1104,101
1104,102
1104,103
1104,B01
1104,RM1
1104,SF1
1104,SS1
1105,100
1105,101
1105,102
1105,103
1105,CEG
1106,100
1106,101
1106,102
1106,103
1106,B01
1106,E01
1106,PM1
1106,RM1
1106,RM2
1106,RM3
1106,SF1
1106,SS1
1106,U01
1107,100
1107,101
1107,102
1107,103
1107,B01
1108,E01
1108,PM1
1108,RM1
1108,RM2
1108,RM3
1108,SF1
1108,SS1
1108,U01
1108,U02
1110,100
1110,101
1110,102
1110,103
1110,B01
1110,CEG
1111,100
1111,101
1111,102
1111,103
1111,B01
1112,100
1112,101
1112,102
1112,103
1112,B01
1113,100
1113,101
1113,102
1113,103
1113,B01
1115,100
1115,101
1115,102
1115,103
1115,BW1
1121,100
1121,101
1121,102
1121,103
1121,B01
1121,CEG
1121,E01
1121,PM1
1121,RM1
1121,RM2
1121,RM3
1121,SF1
1121,SS1
1121,U01
1121,ZC2
1122,100
1122,101
1122,102
1122,103
1122,B01
1122,CEG
1122,E01
1122,FA1
1122,FC1
1122,FF1
1122,FP1
1122,FP2
1122,FP3
1122,FR1
1122,FS1
1122,U01
1122,ZC1
1122,ZC2
1123,100
1123,101
1123,102
1123,103
1123,B01
1123,BC1
1123,BE1
1123,BF1
1123,BP1
1123,BR1
1123,BR2
1123,BS1
1123,CEG
1123,E01
1123,U01
1123,ZC1
1124,100
1124,101
1124,102
1124,103
1124,B01
1124,CEG
1125,B01
1125,E01
1125,FA1
1125,FC1
1125,FF1
1125,FP1
1125,FP2
1125,FP3
1125,FR1
1125,FS1
1125,U01
1125,ZC1
1126,100
1126,101
1126,102
1126,103
1126,B01
1126,E01
1126,FA1
1126,FC1
1126,FF1
1126,FP1
1126,FP2
1126,FP3
1126,FR1
1126,FS1
1126,U01
1126,ZC1
1127,100
1127,101
1127,102
1127,103
1127,B01
1127,CEG
1128,100
1128,101
1128,102
1128,103
1128,B01
1128,BC1
1128,BE1
1128,BF1
1128,BP1
1128,BR1
1128,BR2
1128,BS1
1128,CEG
1128,E01
1128,U01
1128,ZC1
1130,100
1130,101
1130,102
1130,103
1130,B01
1130,CEG
1131,100
1131,101
1131,102
1131,103
1131,B01
1131,CEG
1132,E01
1132,PM1
1132,RM1
1132,RM2
1132,RM3
1132,SF1
1132,SS1
1132,U01
1133,E01
1133,PM1
1133,RM1
1133,RM2
1133,RM3
1133,SF1
1133,SS1
1133,U01
1135,100
1135,101
1135,102
1135,103
1135,LF1
1137,100
1137,101
1137,102
1137,103
1137,LF1
1137,LP1
1137,LP2
1137,LP3
1137,LR1
1137,LS1
1138,100
1138,101
1138,102
1138,103
1138,EW1
1139,100
1139,101
1139,102
1139,103
1139,NW1
1140,100
1140,101
1140,102
1140,103
1140,BW1
1140,CEG
1141,100
1141,101
1141,102
1141,103
1141,DW1
1142,100
1142,101
1142,102
1142,103
1142,MW1
1143,100
1143,101
1143,102
1143,103
1143,LF1
1144,100
1144,101
1144,102
1144,103
1144,LF1
1146,100
1146,101
1146,102
1146,103
1146,CF1
1147,100
1147,101
1147,102
1147,103
1147,CF1
1148,100
1148,101
1148,102
1148,103
1148,CF1
1149,100
1149,101
1149,102
1149,103
1149,CF1
1150,100
1150,101
1150,102
1150,103
1150,CF1
1151,100
1151,101
1151,102
1151,103
1151,CF1
1152,100
1152,101
1152,102
1152,103
1152,CF1
1153,100
1153,101
1153,102
1153,103
1153,CF1
1154,100
1154,101
1154,102
1154,103
1154,CF1
1155,100
1155,101
1155,102
1155,103
1155,CF1
1156,100
1156,101
1156,102
1156,103
1156,CF1
1157,100
1157,101
1157,102
1157,103
1157,CF1
1158,100
1158,101
1158,102
1158,103
1158,CF1
1159,100
1159,101
1159,102
1159,103
1159,CF1
1160,100
1160,101
1160,102
1160,103
1160,CF1
1161,100
1161,101
1161,102
1161,103
1161,CF1
1162,100
1162,101
1162,102
1162,103
1162,CF1
1163,100
1163,101
1163,102
1163,103
1163,CF1
1164,100
1164,101
1164,102
1164,103
1164,CF1
1165,100
1165,101
1165,102
1165,103
1165,CF1
1166,100
1166,101
1166,102
1166,103
1166,CF1
1171,100
1171,101
1171,102
1171,103
1171,LF1
1171,LP1
1171,LP2
1171,LP3
1171,LR1
1171,LS1
1172,100
1172,101
1172,102
1172,103
1172,LF1
1172,LP1
1172,LP2
1172,LP3
1172,LR1
1172,LS1
1173,100
1173,101
1173,102
1173,103
1173,LF1
1173,LP1
1173,LP2
1173,LP3
1173,LR1
1173,LS1
1174,100
1174,101
1174,102
1174,103
1174,LF1
1174,LP1
1174,LP2
1174,LP3
1174,LR1
1174,LS1
1175,100
1175,101
1175,102
1175,103
1175,LF1
1175,LP1
1175,LP2
1175,LP3
1175,LR1
1175,LS1
1176,100
1176,101
1176,102
1176,103
1176,LF1
1176,LP1
1176,LP2
1176,LP3
1176,LR1
1176,LS1
1177,100
1177,101
1177,102
1177,103
1177,LF1
1177,LP1
1177,LP2
1177,LP3
1177,LR1
1177,LS1
1178,100
1178,101
1178,102
1178,103
1178,LF1
1178,LP1
1178,LP2
1178,LP3
1178,LR1
1178,LS1
1179,100
1179,101
1179,102
1179,103
1179,LF1
1179,LP1
1179,LP2
1179,LP3
1179,LR1
1179,LS1
1180,100
1180,101
1180,102
1180,103
1180,LF1
1180,LP1
1180,LP2
1180,LP3
1180,LR1
1180,LS1
1181,100
1181,101
1181,102
1181,103
1181,LF1
1181,LP1
1181,LP2
1181,LP3
1181,LR1
1181,LS1
1182,100
1182,101
1182,102
1182,103
1182,LF1
1182,LP1
1182,LP2
1182,LP3
1182,LR1
1182,LS1
1183,100
1183,101
1183,102
1183,103
1183,LP2
1183,LP3
1184,100
1184,101
1184,102
1184,103
1184,LF1
1184,LP1
1184,LP2
1184,LP3
1184,LR1
1184,LS1
1185,100
1185,101
1185,102
1185,103
1185,LF1
1185,LP1
1185,LP2
1185,LP3
1185,LR1
1185,LS1
1186,100
1186,101
1186,102
1186,103
1186,LF1
1186,LP1
1186,LP2
1186,LP3
1186,LR1
1186,LS1
1188,100
1188,101
1188,102
1188,103
1188,BW1
1189,100
1189,101
1189,102
1189,103
1189,BW1
1190,100
1190,101
1190,102
1190,103
1190,BW1
1191,100
1191,101
1192,100
1192,101
1201,100
1201,101
1201,102
1201,103
1201,B01
1201,CEG
1202,100
1202,101
1202,102
1202,103
1202,B01
1203,100
1203,101
1203,102
1203,103
1203,B01
1301,100
1301,101
1301,102
1301,103
1301,B01
1301,E01
1301,FA1
1301,FC1
1301,FF1
1301,FP1
1301,FP2
1301,FP3
1301,FR1
1301,FS1
1301,U01
1301,ZC1
1303,100
1303,101
1303,102
1303,103
1303,B01
1303,E01
1303,FA1
1303,FC1
1303,FF1
1303,FP1
1303,FP2
1303,FP3
1303,FR1
1303,FS1
1303,U01
1303,ZC1
1305,100
1305,101
1305,102
1305,103
1305,B01
1305,E01
1305,FA1
1305,FC1
1305,FF1
1305,FP1
1305,FP2
1305,FP3
1305,FR1
1305,FS1
1305,U01
1305,ZC1
1325,BP1
1401,100
1401,101
1401,102
1401,103
1401,B01
1401,BE1
1401,BF1
1401,BS1
1401,CEG
1401,E01
1401,IB1
1401,IB2
1401,IF1
1401,IS1
1401,LK1
1401,PM1
1401,RM1
1401,RM2
1401,RM3
1401,SF1
1401,SS1
1401,U01
1402,B01
1402,BE1
1402,BF1
1402,BS1
1402,E01
1402,IB1
1402,IB2
1402,IF1
1402,IS1
1402,PM1
1402,RM1
1402,RM2
1402,RM3
1402,U01
1402,ZC2
1405,100
1405,101
1405,102
1405,103
1405,B01
1405,CEG
1408,B01
1408,BE1
1408,BF1
1408,BS1
1408,E01
1408,IB1
1408,IB2
1408,IF1
1408,IS1
1408,PM1
1408,RM1
1408,RM2
1408,RM3
1408,U01
1408,ZC2
1419,CF1
1420,100
1420,101
1420,102
1420,103
1420,CEG
1421,100
1421,101
1421,102
1421,103
1421,B01
1421,BC1
1421,BE1
1421,BF1
1421,BP1
1421,BR1
1421,BR2
1421,BS1
1421,CEG
1421,E01
1421,U01
1421,ZC1
1422,B01
1422,E01
1422,FA1
1422,FC1
1422,FF1
1422,FP1
1422,FP2
1422,FP3
1422,FR1
1422,FS1
1422,IB1
1422,IB2
1422,RM1
1422,U01
1422,ZC1
1422,ZC2
1423,B01
1423,BC1
1423,BE1
1423,BF1
1423,BP1
1423,BR1
1423,BR2
1423,BS1
1423,E01
1423,IB1
1423,IB2
1423,U01
1424,B01
1424,BC1
1424,BE1
1424,BF1
1424,BP1
1424,BR1
1424,BR2
1424,BS1
1424,E01
1424,IB1
1424,IB2
1424,U01
1425,B01
1425,E01
1425,FA1
1425,FC1
1425,FF1
1425,FP1
1425,FP2
1425,FP3
1425,FR1
1425,FS1
1425,IB1
1425,IB2
1425,U01
1425,ZC1
1426,B01
1426,E01
1426,FA1
1426,FC1
1426,FF1
1426,FP1
1426,FP2
1426,FP3
1426,FR1
1426,FS1
1426,IB1
1426,IB2
1426,RM1
1426,U01
1426,ZC1
1427,B01
1427,BC1
1427,BE1
1427,BF1
1427,BP1
1427,BR1
1427,BR2
1427,BS1
1427,E01
1427,IB1
1427,IB2
1427,U01
1428,100
1428,101
1428,102
1428,103
1428,B01
1428,BC1
1428,BE1
1428,BF1
1428,BP1
1428,BR1
1428,BR2
1428,BS1
1428,CEG
1428,E01
1428,IB1
1428,IB2
1428,RM1
1428,U01
1428,ZC1
1429,100
1429,101
1429,102
1429,103
1429,B01
1429,CEG
1429,IB1
1429,IB2
1437,100
1437,101
1437,102
1437,103
1437,LF1
1437,LP1
1437,LP2
1437,LP3
1437,LR1
1437,LS1
1440,BW1
1440,CF1
1441,CF1
1442,CF1
1443,CF1
1444,CF1
1445,CF1
1446,CF1
1447,CF1
1448,CF1
1449,CF1
1450,CF1
1451,CF1
1452,CF1
1453,CF1
1454,CF1
1455,CF1
1456,CF1
1457,CF1
1458,CF1
1459,CF1
1460,CF1
1461,CF1
1462,CF1
1470,CF1
1476,LF1
1476,LP1
1476,LP2
1476,LP3
1476,LR1
1476,LS1
1486,LF1
1486,LP1
1486,LP2
1486,LP3
1486,LR1
1486,LS1
1511,100
1511,101
1511,102
1511,103
1511,B01
1521,B01
1521,E01
1521,FA1
1521,FC1
1521,FF1
1521,FP1
1521,FP2
1521,FP3
1521,FR1
1521,FS1
1521,IB1
1521,IB2
1521,RM1
1521,U01
1521,ZC1
1521,ZC2
1531,E01
1531,PM1
1531,RM1
1531,RM2
1531,RM3
1531,SF1
1531,SS1
1531,U01
1621,100
1621,101
1621,102
1621,103
1621,B01
1621,CEG
2110,100
2110,101
2110,102
2110,103
2110,B01
2110,RM1
2110,SF1
2110,SS1
2201,100
2201,101
2201,102
2201,103
2201,B01
2201,E01
2201,IC1
2201,IF1
2201,IS1
2201,PM1
2201,RM1
2201,RM2
2201,RM3
2201,U01
2202,100
2202,101
2202,102
2202,103
2202,B01
2202,E01
2202,FA1
2202,FC1
2202,FF1
2202,FP1
2202,FP2
2202,FP3
2202,FR1
2202,FS1
2202,U01
2203,100
2203,101
2203,102
2203,103
2203,B01
2203,E01
2203,U01
2301,100
2301,101
2301,102
2301,103
2302,100
2302,101
2302,102
2302,103
2401,100
2401,101
2401,102
2401,103
2401,B01
2401,E01
2401,FA1
2401,FC1
2401,FF1
2401,FP1
2401,FP2
2401,FP3
2401,FR1
2401,FS1
2401,U01
2401,ZC1
2512,CF1
2514,CF1
2514,R01
2515,CF1
2515,R01
2516,CF1
2516,R01
2517,CF1
2517,R01
2518,CF1
2518,R01
2541,CF1
2542,CF1
2551,100
2551,101
2551,102
2551,103
2551,B01
2551,BMY
2551,CEG
2551,E01
2551,EM1
2551,IB1
2551,IB2
2551,IC1
2551,IF1
2551,IN1
2551,IS1
2551,PM1
2551,RM1
2551,RM2
2551,RM3
2551,U01
2551,ZC1
2551,ZC2
2552,100
2552,101
2552,102
2552,103
2552,B01
2552,BMY
2552,CEG
2552,E01
2552,EM1
2552,IB1
2552,IB2
2552,IC1
2552,IF1
2552,IN1
2552,IS1
2552,PM1
2552,RM1
2552,RM2
2552,RM3
2552,U01
2552,ZC1
2552,ZC2
2561,100
2561,101
2561,102
2561,103
2561,B01
2561,BMY
2561,CEG
2561,E01
2561,EM1
2561,IB1
2561,IB2
2561,IC1
2561,IF1
2561,IN1
2561,IS1
2561,PM1
2561,RM1
2561,RM2
2561,RM3
2561,U01
2561,ZC1
2561,ZC2
2562,100
2562,101
2562,102
2562,103
2562,B01
2562,BMY
2562,CEG
2562,E01
2562,EM1
2562,IB1
2562,IB2
2562,IC1
2562,IF1
2562,IN1
2562,IS1
2562,PM1
2562,RM1
2562,RM2
2562,RM3
2562,U01
2562,ZC1
2562,ZC2
2571,100
2571,101
2571,102
2571,103
2571,B01
2571,BMY
2571,CEG
2571,E01
2571,EM1
2571,IB1
2571,IB2
2571,IC1
2571,IF1
2571,IN1
2571,IS1
2571,PM1
2571,RM1
2571,RM2
2571,RM3
2571,U01
2571,ZC1
2571,ZC2
2572,100
2572,101
2572,102
2572,103
2572,B01
2572,BMY
2572,CEG
2572,E01
2572,EM1
2572,IB1
2572,IB2
2572,IC1
2572,IF1
2572,IN1
2572,IS1
2572,PM1
2572,RM1
2572,RM2
2572,RM3
2572,U01
2572,ZC1
2572,ZC2
2581,100
2581,101
2581,102
2581,103
2581,B01
2581,BMY
2581,CEG
2581,E01
2581,EM1
2581,IB1
2581,IB2
2581,IC1
2581,IF1
2581,IN1
2581,IS1
2581,PM1
2581,RM1
2581,RM2
2581,RM3
2581,U01
2581,ZC1
2581,ZC2
2582,100
2582,101
2582,102
2582,103
2582,B01
2582,BMY
2582,CEG
2582,E01
2582,EM1
2582,IB1
2582,IB2
2582,IC1
2582,IF1
2582,IN1
2582,IS1
2582,PM1
2582,RM1
2582,RM2
2582,RM3
2582,U01
2582,ZC1
2582,ZC2
2601,100
2601,101
2601,102
2601,103
2602,100
2602,101
2602,102
2602,103
2603,100
2603,101
2603,102
2604,FG1
2604,ICS
2604,PM1
2604,RM1
2604,SF1
2651,100
2651,101
2651,102
2701,100
2701,101
2701,102
2701,103
2701,B01
2701,BMY
2701,CEG
2701,E01
2701,EM1
2701,IB1
2701,IB2
2701,IC1
2701,IF1
2701,IN1
2701,IS1
2701,PM1
2701,RM1
2701,RM2
2701,RM3
2701,U01
2701,ZC1
2701,ZC2
2702,100
2702,101
2702,102
2702,103
2702,B01
2702,BMY
2702,CEG
2702,E01
2702,EM1
2702,FA1
2702,FC1
2702,FF1
2702,FP1
2702,FP2
2702,FP3
2702,FR1
2702,FS1
2702,IB1
2702,IB2
2702,IN1
2702,U01
2702,ZC1
2702,ZC2
2703,100
2703,101
2703,102
2703,103
2703,B01
2703,BMY
2703,CEG
2703,E01
2703,EM1
2703,IB1
2703,IB2
2703,IN1
2703,U01
2703,ZC1
2703,ZC2
2704,100
2704,101
2704,102
2704,103
2706,100
2706,101
2706,102
2706,103
2706,LF1
2706,LP1
2706,LP2
2706,LP3
2706,LR1
2706,LS1
2707,100
2707,101
2707,102
2707,103
2707,LF1
2707,LP1
2707,LP2
2707,LP3
2707,LR1
2707,LS1
2708,100
2708,101
2708,102
2708,103
2708,LF1
2708,LP1
2708,LP2
2708,LP3
2708,LR1
2708,LS1
2801,100
2801,101
2801,102
2801,103
2801,B01
2801,BMY
2801,CEG
2801,E01
2801,EM1
2801,IB1
2801,IB2
2801,IC1
2801,IF1
2801,IN1
2801,IS1
2801,PM1
2801,RM1
2801,RM2
2801,RM3
2801,U01
2801,ZC1
2801,ZC2
2802,100
2802,101
2802,102
2802,103
2802,B01
2802,BMY
2802,CEG
2802,E01
2802,EM1
2802,IB1
2802,IB2
2802,IC1
2802,IF1
2802,IN1
2802,IS1
2802,PM1
2802,RM1
2802,RM2
2802,RM3
2802,U01
2802,ZC1
2802,ZC2
2901,100
2901,101
2901,102
2901,103
2901,B01
3110,R01
3112,CF1
3112,R01
3150,CF1
3150,R01
3151,CF1
3151,R01
3152,CF1
3152,R01
3153,CF1
3153,R01
3154,CF1
3154,R01
3155,CF1
3155,R01
3156,CF1
3156,R01
3157,CF1
3157,R01
3158,CF1
3158,R01
3159,CF1
3159,R01
3160,CF1
3160,R01
3161,CF1
3161,R01
3162,CF1
3162,R01
3163,CF1
3163,R01
3164,CF1
3164,R01
3165,CF1
3165,R01
3210,CF1
3251,CF1
3251,R01
3252,CF1
3252,R01
3253,CF1
3253,R01
3301,CF1
3301,R01
3302,CF1
3302,R01
3351,CF1
3351,R01
3352,CF1
3352,R01
3401,CF1
3401,R01
3451,CF1
3451,R01
3452,CF1
3452,R01
3501,CF1
3501,R01
3551,CF1
3551,R01
3552,CF1
3552,R01
3553,CF1
3553,R01
3601,CF1
3601,R01
3602,CF1
3602,R01
3651,CF1
3651,R01
3701,CF1
3701,R01
3751,CF1
3751,R01
3752,CF1
3752,R01
3753,CF1
3753,R01
3756,CF1
3756,R01
5101,G06
5101,R01
5101,S00
5111,G08
5111,S00
5113,G01
5113,G02
5113,G03
5113,G07
5113,R01
5113,S00
5121,S00
5131,G04
5131,R01
5131,S00
5131,S01
5132,D03
5132,G03
5132,G12
5132,R02
5132,S00
5132,S01
5133,D03
5133,G03
5133,G12
5133,R02
5133,S00
5133,S01
5134,D03
5134,G03
5134,G12
5134,R02
5134,S00
5134,S01
5135,D03
5135,G03
5135,G12
5135,R02
5135,S00
5135,S01
5141,G05
5141,R01
5141,S00
5141,S01
5142,D00
5142,D02
5142,D03
5142,D04
5142,N01
5142,N02
5142,N03
5142,N07
5142,R02
5142,S00
5143,R02
5143,S00
5144,G11
5144,R01
5144,S00
5144,S01
5145,G12
5145,R02
5145,S00
5145,S01
5146,G13
5146,R01
5146,S00
5146,S01
5147,D03
5147,G03
5147,R02
5147,S00
5147,S01
5148,D03
5148,G03
5148,R02
5148,S00
5148,S01
5149,G12
5149,R02
5149,S00
5149,S01
5150,G13
5150,R01
5150,S00
5150,S01
5151,D00
5151,N06
5151,N07
5151,R02
5151,S00
5152,D00
5152,N02
5152,N06
5152,N07
5152,R02
5152,S00
5153,D00
5153,N02
5153,N06
5153,N07
5153,R02
5153,S00
5154,R02
5154,S00
5155,R02
5155,S00
5161,D00
5161,D02
5161,D03
5161,D04
5161,N01
5161,N02
5161,N03
5161,N07
5161,R02
5161,S00
5162,D00
5162,D02
5162,D03
5162,R02
5162,S00
5163,D00
5163,D02
5163,D03
5163,D04
5163,N01
5163,N02
5163,N03
5163,N07
5163,R02
5163,S00
5164,R02
5164,S00
5165,D00
5165,D02
5165,D03
5165,D04
5165,N01
5165,N02
5165,N03
5165,N07
5165,R02
5165,S00
5165,S01
5166,R02
5166,S00
5167,G05
5167,R01
5167,S00
5167,S01
5167,TB5
5168,S00
5169,D00
5169,D02
5169,D03
5169,D04
5169,N01
5169,N02
5169,N03
5169,N07
5169,R02
5169,S00
5169,S01
5170,D00
5170,D02
5170,D03
5170,D04
5170,N01
5170,N02
5170,N03
5170,N07
5170,R02
5170,S00
5171,S00
5172,S00
5173,S00
5174,S00
5175,R02
5175,S00
5176,S00
5177,D03
5177,G03
5177,G12
5177,R02
5177,S00
5177,S01
5178,G05
5178,R01
5178,S00
5178,S01
5179,D00
5179,D02
5179,D03
5179,D04
5179,N01
5179,N02
5179,N03
5179,N07
5179,R02
5179,S00
5180,D00
5180,N02
5180,R02
5180,S00
5181,N04
5181,R02
5181,S00
5181,S01
5182,S00
5183,N10
5183,N12
5183,R02
5183,S01
5184,N04
5184,R02
5184,S00
5185,S00
5186,N04
5186,R02
5186,S00
5187,C01
5187,R01
5187,S00
5188,N04
5188,R02
5188,S00
5189,G05
5189,N05
5189,R01
5189,R02
5189,S00
5189,S01
5190,R02
5190,S00
5191,N05
5191,R02
5191,S00
5191,S01
5192,C01
5192,R01
5192,S00
5193,G08
5193,N10
5193,R02
5193,S01
5194,D00
5194,D02
5194,D03
5194,D04
5194,N01
5194,N02
5194,N03
5194,N07
5194,R02
5194,S00
5195,S00
5196,N10
5196,N12
5196,R02
5197,G11
5197,R01
5197,S00
5197,S01
5198,G12
5198,R02
5198,S00
5198,S01
5199,G13
5199,R01
5199,S00
5199,S01
5251,C01
5251,R01
5251,S00
5301,R02
5301,S00
5302,G12
5302,R02
5302,S00
5302,S01
5311,R02
5311,S00
5312,R02
5312,S00
5313,R02
5313,S00
5314,R02
5314,S00
5315,R02
5315,S00
5316,R02
5316,S00
5317,R02
5317,S00
5318,R02
5318,S00
5319,R02
5319,S00
5320,R02
5320,S00
5321,R02
5321,S00
5322,R02
5322,S00
5323,R02
5323,S00
5324,R02
5324,S00
5552,D00
5552,N02
5552,N06
5552,N07
5552,R02
5552,S00
5553,D00
5553,N02
5553,N06
5553,N07
5553,R02
5553,S00
5554,D00
5554,N02
5554,N06
5554,N07
5554,R02
5554,S00
5566,R02
5566,S00
5571,S00
5590,R02
5590,S00
5611,G08
5611,S00
5613,G01
5613,G02
5613,G03
5613,G07
5613,R01
5613,S00
5642,D00
5642,D02
5642,D03
5642,D04
5642,N01
5642,N02
5642,N03
5642,N07
5642,R02
5642,S00
5661,D00
5661,D02
5661,D03
5661,D04
5661,N01
5661,N02
5661,N03
5661,N07
5661,R02
5661,S00
5663,D00
5663,D02
5663,D03
5663,D04
5663,N01
5663,N02
5663,N03
5663,N07
5663,R02
5663,S00
5665,D00
5665,D02
5665,D03
5665,D04
5665,N01
5665,N02
5665,N03
5665,N07
5665,R02
5665,S00
5665,S01
5666,R02
5666,S00
5669,D00
5669,D02
5669,D03
5669,D04
5669,N01
5669,N02
5669,N03
5669,N07
5669,R02
5669,S00
5669,S01
5670,D00
5670,D02
5670,D03
5670,D04
5670,N01
5670,N02
5670,N03
5670,N07
5670,R02
5670,S00
5677,D03
5677,G03
5677,R02
5677,S00
5677,S01
5683,N10
5683,N12
5683,R02
5683,S01
5690,R02
5690,S00
5693,G08
5693,N10
5693,R02
5693,S01